{"ald_3f51697abcb3": 0.3278658088775085, "catalysis_668a13e2a99d": 0.04918119746356899, "photocatalysis_18772db59f42": 0.04918119746356899, "sample_43927e5422e6": 0.3278658088775085, "sample_45fc29a57bba": 0.04918119746356899, "sample_a553e1dafce9": 0.04918119746356899, "sample_ec89bea9cddd": 0.04918119746356899, "semiconductors_7cfed7b03e16": 0.04918119746356899, "water_splitting_ab61c0090310": 0.04918119746356899}